Size,Time
1,0.0
2,-0.524159
3,-0.650243
4,0.033792
5,-0.089961
8,-0.061358
16,2.169685
32,9.775180


